token_address,wallet_address,token_symbol,holder_concentration,liquidity_lock_ratio,creator_tx_pattern,buy_sell_ratio,contract_similarity_score,fund_flow_pattern,price_change_24h,liquidity_usd,volume_24h,total_jobs,completion_rate,trust_score,age_days,lp_drain_rate,deployer_age_days,token_supply_concentration,renounced_ownership,verified_contract,social_presence_score,audit_score,bonding_curve_position,lp_locked_pct,creator_other_tokens,creator_wallet_age,holder_count_norm,top10_holder_pct,acp_job_count,acp_completion_rate,acp_trust_score,token_age_days_norm,volume_to_mcap_ratio,price_volatility_7d,social_presence,is_honeypot,is_mintable,hidden_owner,slippage_modifiable,buy_tax,sell_tax,creator_percent,owner_percent,has_dex_data,is_virtuals_token,raw_liquidity_usd,raw_volume_24h,raw_market_cap,raw_price_change_24h,raw_token_age_days,raw_trust_score,raw_total_jobs,raw_holder_count,raw_top10_holder_pct,label,label_reason,data_source
0xc2427bf51d99b6ed0da0da103bc51235638ee868,0x5Dfc180212204Fff869d41FAA9f1b430D2036f5D,BOT,0.9213175322043508,0.0,0.5,0.2708333333333333,0.3,0.0,0.0372,0.903278079749362,0.4529797086543094,0.8358176694124252,0.9894,1.0,0.5071274831269067,0.0,0.5,0.0,0,1,1.0,0.0,0.0,0.0,0.0,0.5,0.7497919209935008,0.9213175322043508,0.8358176694124252,0.9894,1.0,0.5071274831269067,0.0002981953816185,0.0372,1.0,0.0,0.0,0.0,0.0,0.0,0.0,0.0,0.0,1.0,1.0,262825.33,521.25,1748015.0,3.72,63.061476878761006,100,15103,5609,92.13175322043509,0,legit_trust100_jobs15103_liq$262825,virtuals_agent
0x58db197e91bc8cf1587f75850683e4bd0730e6bf,0x999A1B6033998A05F7e37e4BD471038dF46624E1,AXR,0.7038658337176258,3.099674756397e-06,0.5,0.5425531914893617,0.3,0.0,0.1308,0.8681839119437602,0.7136332597171087,1.0209054121546113,1.0,1.0,0.6958865344212892,0.0,0.5,0.0,0,1,1.0,0.0,0.0,3.099674756397e-06,0.0,0.5,0.8858947769341116,0.7038658337176258,1.0209054121546113,1.0,1.0,0.6958865344212892,0.0260451129866594,0.1308,1.0,0.0,0.0,0.0,0.0,0.0,0.0,0.0,0.0,1.0,1.0,161845.7,19132.74,734600.0,13.08,300.3244861382746,100,127212,26882,70.38658337176258,0,legit_trust100_jobs127212_liq$161846,virtuals_agent
0xbfa733702305280f066d470afdfa784fa70e2649,0x35B218eBEe18c6b359d1fFd2BAE80d0B5228bc8b,CAP,0.7120819815739791,1.0,0.5,0.3793103448275862,0.3,0.0,-0.1476,0.8311766469655163,0.7242904097482175,0.7687330768861006,0.7353,0.86,0.6921396174317594,0.0,0.5,0.0,0,1,1.0,0.0,0.0,1.0,0.0,0.5,0.8050440837867519,0.7120819815739791,0.7687330768861006,0.7353,0.86,0.6921396174317594,0.0827992006872595,0.1476,1.0,0.0,0.0,0.0,0.0,0.0,0.0,0.0,0.0,1.0,1.0,97063.46,22167.83,267730.0,-14.76,291.20413891621627,86,6976,10597,71.2081981573979,0,legit_trust86_jobs6976_liq$97063,virtuals_agent
0xc44141a684f6aa4e36cd9264ab55550b03c88643,0xfc9f1fF5eC524759c1Dc8E0a6EBA6c22805b9d8B,ETHY,0.3315813987366227,0.0,0.5,0.5173501577287066,0.3,0.0,-0.0828999999999999,0.898860750794722,0.7999810059809173,1.211261053539325,0.995,1.0,0.7359429026849356,0.0,0.5,0.0,0,1,1.0,0.0,0.0,0.0,0.0,0.5,0.8231945708768191,0.3315813987366227,1.211261053539325,0.995,1.0,0.7359429026849356,0.044778666640164,0.0828999999999999,1.0,0.0,0.0,0.0,0.0,0.0,0.0,0.0,0.0,1.0,1.0,247265.28,63078.23,1408667.0,-8.29,417.53492595335786,100,1138440,13060,33.158139873662265,0,legit_trust100_jobs1138440_liq$247265,virtuals_agent
0x8e665c3a3622d7c1bef8ed8ffd7317d3f6318e31,0x5b5852b8c772E388B71c106440Df4e1bB53467Ae,OOPZ,0.6084020790171335,1.0,0.5,0.4,0.3,0.0,0.2628999999999999,0.8105286015311522,0.5703919224728701,0.9251789286920148,0.9634,0.99,0.6861905691322252,0.0,0.5,0.0,0,1,1.0,0.0,0.0,1.0,0.0,0.5,0.8415422958104174,0.6084020790171335,0.9251789286920148,0.9634,0.99,0.6861905691322252,0.0099000093624192,0.2628999999999999,1.0,0.0,0.0,0.0,0.0,0.0,0.0,0.0,0.0,1.0,1.0,72973.64,2643.55,267025.0,26.29,277.28731021269624,99,42256,16132,60.84020790171335,0,legit_trust99_jobs42256_liq$72974,virtuals_agent
0x504a26cf29674bc77a9341e73f88ccecc864034c,0x7a37E19c6c66fd93C94cF6982e9b5B787E773902,SYMP,0.5964334205590355,1.0,0.5,0.5,0.3,0.0,-0.0653,0.8007760186808286,0.5456717565760253,0.665020418967773,0.9782,0.99,0.7378292371000191,0.0,0.5,0.001799,0,1,1.0,0.0,0.0,1.0,0.0,0.5,0.962366425740127,0.5964334205590355,0.665020418967773,0.9782,0.99,0.7378292371000191,0.0115579852821737,0.0653,1.0,0.0,0.0,0.0,0.0,0.0,0.0,0.001799,0.0,1.0,1.0,63774.88,1878.45,162524.0,-6.53,424.0613379905644,99,2113,64838,59.643342055903545,0,legit_trust99_jobs2113_liq$63775,virtuals_agent
0xa2aa91cdf6d39c0199c954172d5a05153c7d3dfd,0x3a20fA13bA7ee0ebB6a274AB2F806C8e0225d1DD,KLARK,0.9169112507992097,0.0,0.5,0.6666666666666666,0.3,0.0,0.0414,0.673136018677981,0.0543893062179646,0.6611986022472237,0.9782,0.99,0.3884597191615331,0.0,0.5,0.0,0,1,0.3333333333333333,0.0,0.0,0.0,0.0,0.5,0.4853018307472083,0.9169112507992097,0.6611986022472237,0.9782,0.99,0.3884597191615331,0.0001435529351448,0.0414,0.3333333333333333,0.0,0.0,0.0,0.0,0.0,0.0,0.0,0.0,1.0,1.0,10933.94,1.12,7802.0,4.14,23.20212502767492,99,2022,266,91.69112507992097,0,legit_trust99_jobs2022_liq$10934,virtuals_agent
0x1a3e429d2d22149cc61e0f539b112a227c844aa3,0xB7e36a77997Ac866A542Bd83cBc390D143897a01,LOKY,0.5702258021895019,0.0,0.5,0.6,0.3,0.0,-0.0385,0.8197319919607691,0.5853686183206993,0.8391626027708432,0.9645,0.99,0.7485740827591483,0.0,0.5,0.0,0,1,1.0,0.0,0.0,0.0,0.0,0.5,0.9964687609916516,0.5702258021895019,0.8391626027708432,0.9645,0.99,0.7485740827591483,0.0123807601800306,0.0385,1.0,0.0,0.0,0.0,0.0,0.0,0.0,0.0,0.0,1.0,1.0,82868.04,3251.46,262622.0,-3.85,463.22568984255753,99,15696,96016,57.02258021895019,0,legit_trust99_jobs15696_liq$82868,virtuals_agent
0x380337d0180db7d0df76ac4faae2fcea908ee1fc,0x5bB4B0C766E0D5D791d9403Fc275c22064709F68,OTTO,0.8488397130908296,0.0,0.5,0.1851851851851851,0.3,0.0,0.0172,0.860893749792267,0.6210601557995463,0.8931441838417629,0.9846,0.99,0.6135430470054294,0.0,0.5,0.000735,0,1,1.0,0.0,0.0,0.0,0.0,0.5,0.7669597446403008,0.8488397130908296,0.8931441838417629,0.9846,0.99,0.6135430470054294,0.0107703806491546,0.0172,1.0,0.0,0.0,0.0,0.0,0.0,0.0,0.000735,0.0,1.0,1.0,146338.94,5324.51,494366.0,1.72,152.35325928707263,99,29222,6835,84.88397130908297,0,legit_trust99_jobs29222_liq$146339,virtuals_agent
0x85fbe583368888bc8dabde6f1e6ec6a3f0b2a040,0x24ebb3b5239Ab9A7F60ABCB903655F77FE5418A3,MORSE,0.8926558793981654,0.0,0.5,0.25,0.3,0.0,0.08,0.8003395772034702,0.2373985752182396,0.7245664665570143,0.9655,0.99,0.5566382753672694,0.0,0.5,0.0,0,1,1.0,0.0,0.0,0.0,0.0,0.5,0.7262069085351958,0.8926558793981654,0.7245664665570143,0.9655,0.99,0.5566382753672694,9.91677202671362e-05,0.08,1.0,0.0,0.0,0.0,0.0,0.0,0.0,0.0,0.0,1.0,1.0,63391.49,25.57,257846.0,8.0,95.15564354639972,99,4195,4275,89.26558793981654,0,legit_trust99_jobs4195_liq$63391,virtuals_agent
0x4674f73545f1db4036250ff8c33a39ad1678d864,0xF411E62E7677E340E7a1dFd36133196D23338749,SQDGN,0.5129619153978214,1.0,0.5,0.1964285714285714,0.3,0.0,-0.0707,0.8670760330396485,0.6392953454990051,0.5466389782191041,0.9712,0.99,0.74800198551122,0.0,0.5,0.0,0,1,1.0,0.0,0.0,1.0,0.0,0.5,0.9785771660780138,0.5129619153978214,0.5466389782191041,0.9712,0.99,0.74800198551122,0.017196186373666,0.0707,1.0,0.0,0.0,0.0,0.0,0.0,0.0,0.0,0.0,1.0,1.0,159387.35,6850.29,398361.0,-7.07,461.0522870650002,99,540,78142,51.29619153978214,0,legit_trust99_jobs540_liq$159387,virtuals_agent
0xc1b641e72327208f0fe37405a9d46439b626af6a,0xbC15779587717C4407eD5f3Db6247DA19b5cD3e8,WAYE,0.9908409519301248,0.0,0.5,0.8,0.3,0.0,0.077,0.8224070144462072,0.2439572692163027,0.452963171165063,0.9786,0.99,0.4913699457225202,0.0,0.5,1e-06,0,1,1.0,0.0,0.0,0.0,0.0,0.5,0.6670910007128928,0.9908409519301248,0.452963171165063,0.9786,0.99,0.4913699457225202,0.000143125006369,0.077,1.0,0.0,0.0,0.0,0.0,0.0,0.0,1e-06,0.0,1.0,1.0,85987.91,28.09,196262.0,7.7,55.294000028079,99,183,2164,99.08409519301247,1,extreme_concentration_99%_vol$28,virtuals_agent
0xdb40005fa4a9cc73fc48ac38d5d5cf3455f37d3b,0x0aFE3b8497De824A230986Ddab7f66EE4C80CBd8,SWAN,0.9401911862693394,6.1123475631e-08,0.5,0.1290322580645161,0.3,0.0,0.051,0.7749878232675133,0.3861173120019171,0.6125910347297504,0.9577,0.98,0.4898974544451792,0.0,0.5,8.5e-05,0,1,1.0,0.0,0.0,6.1123475631e-08,0.0,0.5,0.7172943326834533,0.9401911862693394,0.6125910347297504,0.9577,0.98,0.4898974544451792,0.0016914350352877,0.051,1.0,0.0,0.0,0.0,0.0,0.0,0.0,8.5e-05,0.0,1.0,1.0,44659.88,206.35,121997.0,5.1,54.61814354669077,98,1155,3858,94.01911862693396,0,legit_trust98_jobs1155_liq$44660,virtuals_agent
0x27990c0fe8bb79126f8f012a77e0a5837b2be0e1,0x8fAa644C8A0bc657ED0Eb86eD59af8b7A1EDc743,POKEPULL,0.6364652023750519,0.0,0.5,0.25,0.3,0.0,-0.0926,0.7218885004056738,0.4962963740893474,0.6575149907083322,0.9449,0.98,0.384506615272401,0.0,0.5,0.0,0,1,0.0,0.0,0.0,0.0,0.0,0.5,0.4993854958560813,0.6364652023750519,0.6575149907083322,0.9449,0.98,0.384506615272401,0.0306949969276543,0.0926,0.0,0.0,0.0,0.0,0.0,0.0,0.0,0.0,0.0,1.0,1.0,21444.26,949.12,30921.0,-9.26,22.429925954165988,98,1938,313,63.646520237505186,0,legit_trust98_jobs1938_liq$21444,virtuals_agent
0x73cb479f2ccf77bad90bcda91e3987358437240a,0xA908B2A981ae1106e5B047ef44604CCaA1E1c7F9,BIOS,0.6640813711052719,1.0,0.5,0.4025974025974026,0.3,0.0,0.0911999999999999,0.8078386363922757,0.6684806174801338,0.8179096661535336,0.9483,0.98,0.7031841534821508,0.0,0.5,0.0,0,1,1.0,0.0,0.0,1.0,0.0,0.5,0.8701457345480229,0.6640813711052719,0.8179096661535336,0.9483,0.98,0.7031841534821508,0.0730520345709623,0.0911999999999999,1.0,0.0,0.0,0.0,0.0,0.0,0.0,0.0,0.0,1.0,1.0,70311.44,10252.78,140349.0,9.12,318.912750028322,98,12289,22424,66.40813711052719,0,legit_trust98_jobs12289_liq$70311,virtuals_agent
0x80ded22d9c6487181ed74d0222add805815e8df4,0x6DE78Cb1EEde3090cb9736B155433A167Fa7B33E,CENTRY,0.6800298322269877,0.0,0.5,0.3846153846153846,0.3,0.0,0.3515,0.7978941733992433,0.627211117141875,0.0,0.0,0.0,0.680855158504278,0.0,0.5,0.0,0,1,1.0,0.0,0.0,0.0,0.0,0.5,0.664938205217256,0.6800298322269877,0.0,0.0,0.0,0.680855158504278,0.0372294580812557,0.3515,1.0,0.0,0.0,0.0,0.0,0.0,0.0,0.0,0.0,1.0,1.0,61285.58,5796.85,155706.0,35.15,265.3707129913443,0,0,2111,68.00298322269876,0,legit_mcap$155706_liq$61286_age265d,virtuals_agent
0x0eda054e27a274323e07023972f47c36693ce5df,0x57795bef2feC610CAa1330A99237fD9dDB3790BE,CUC,0.9546015172435882,0.0,0.5,0.5555555555555556,0.3,0.0,0.076,0.7857816864569379,0.6211545561046257,0.7081153282428069,0.9578,0.98,0.5885150455939349,0.0,0.5,0.108978,0,1,1.0,0.0,0.0,0.0,0.0,0.5,0.7254725411842544,0.9546015172435882,0.7081153282428069,0.9578,0.98,0.5885150455939349,0.0518216191522244,0.076,1.0,0.0,0.0,0.0,0.0,0.0,0.0,0.108978,0.0,1.0,1.0,51842.04,5331.46,102881.0,7.6,123.89152317659732,98,3471,4239,95.46015172435882,0,legit_trust98_jobs3471_liq$51842,virtuals_agent
0x8f79bea6c430eccb5c0b1878a1bc0d52f38de202,0x87E08ecB6852ecd5ef53D28128BDc3F65F1F2be9,HFURY,0.93216395470221,0.0,0.5,0.4,0.3,0.0,-0.076,0.7754832770125685,0.5874561993388048,0.6387912407595897,0.9554,0.98,0.6144005171219082,0.0,0.5,0.106683,0,1,0.0,0.0,0.0,0.0,0.0,0.5,0.7590362586492638,0.93216395470221,0.6387912407595897,0.9554,0.98,0.6144005171219082,0.0247217297520905,0.076,0.0,0.0,0.0,0.0,0.0,0.0,0.0,0.106683,0.0,1.0,1.0,44966.63,3346.63,135372.0,-7.6,153.4356898433318,98,1562,6239,93.21639547022102,0,legit_trust98_jobs1562_liq$44967,virtuals_agent
0x815269d17c10f0f3df7249370e0c1b9efe781aa8,0x62529508590A4d5842C91602653de6315D701996,SANTA,0.5762720028192039,2.075611185e-09,0.5,0.3924050632911392,0.3,0.0,0.1002,0.8791637828600427,0.6559424292813228,0.5227679103070466,0.9339,0.97,0.7429916898482924,0.0,0.5,0.0,0,1,1.0,0.0,0.0,2.075611185e-09,0.0,0.5,0.915564176951084,0.5762720028192039,0.5227679103070466,0.9339,0.97,0.7429916898482924,0.0074292846476575,0.1002,1.0,0.0,0.0,0.0,0.0,0.0,0.0,0.0,0.0,1.0,1.0,188356.57,8621.93,1160533.0,10.02,442.4476805841771,97,410,37828,57.62720028192039,0,legit_trust97_jobs410_liq$188357,virtuals_agent
0xc796e499cc8f599a2a8280825d8bda92f7a895e0,0x5AF0FadfDc29D2fae0dec4A782162aAF58e27222,BRO,0.5858095676745242,1.083841e-12,0.5,0.2962962962962963,0.3,0.0,0.1148,0.8637717809650526,0.5671509415780767,0.6192423792048739,0.932,0.97,0.7470075873159524,0.0,0.5,0.0,0,1,1.0,0.0,0.0,1.083841e-12,0.0,0.5,1.0154697915759692,0.5858095676745242,0.6192423792048739,0.932,0.97,0.7470075873159524,0.0035824476716747,0.1148,1.0,0.0,0.0,0.0,0.0,0.0,0.0,0.0,0.0,1.0,1.0,152274.86,2527.75,705593.0,11.48,457.29874539906535,97,1247,119495,58.58095676745242,0,legit_trust97_jobs1247_liq$152275,virtuals_agent
0xdf2fd7dd75143a5010f145440d49748275e362a3,0xAf93672631F8171f93f7CC4443dF42adE48F3c61,WINT,1.0,0.0,0.5,0.5319148936170213,0.3,0.0,0.1842,0.8213640652442928,0.66222811185016,0.909691834901066,0.9219,0.96,0.703738710512938,0.0,0.5,0.0,0,1,1.0,0.0,0.0,0.0,0.0,0.5,0.7913865953826134,1.0,0.909691834901066,0.9219,0.96,0.703738710512938,0.0458223863724955,0.1842,1.0,0.0,0.0,0.0,0.0,0.0,0.0,0.0,0.0,1.0,1.0,84757.79,9404.22,205232.0,18.42,320.37131484358895,96,35355,9055,100.0,0,legit_trust96_jobs35355_liq$84758,virtuals_agent
0xe6ab1cc1307b496748753e017f3dbb4d4378ca3f,0x703C32391A44BC6aC3dAE30508FB9C5843Ad35a4,MANEKI,0.717221000035724,0.0,0.5,0.3333333333333333,0.3,0.0,0.2867,0.7846882998659613,0.5645898444376746,0.6936688635723246,0.9147,0.96,0.693383209618593,0.0,0.5,0.0,0,1,1.0,0.0,0.0,0.0,0.0,0.5,0.8512754512015632,0.717221000035724,0.6936688635723246,0.9147,0.96,0.693383209618593,0.0187488185164408,0.2867,1.0,0.0,0.0,0.0,0.0,0.0,0.0,0.0,0.0,1.0,1.0,51064.8,2439.84,130133.0,28.67,294.2001342881238,96,2939,18045,71.7221000035724,0,legit_trust96_jobs2939_liq$51065,virtuals_agent
0xa2d4aec94ba0896d95ccc5451c9525b9ec0314de,0xD6953d089D6331893C80561802C7C8a828BB1A6C,SS,0.7090902552345788,0.0,0.5,0.25,0.3,0.0,0.1634,0.7652633702876057,0.500432241053506,0.442437136586699,0.733,0.86,0.6853113202995592,0.0,0.5,0.0,0,1,1.0,0.0,0.0,0.0,0.0,0.5,0.6257439133561455,0.7090902552345788,0.442437136586699,0.733,0.86,0.6853113202995592,0.0144268672571453,0.1634,1.0,0.0,0.0,0.0,0.0,0.0,0.0,0.0,0.0,1.0,1.0,39045.36,1004.99,69661.0,16.34,275.2874491030121,86,162,1344,70.90902552345788,0,legit_trust86_jobs162_liq$39045,virtuals_agent
0x7cdf718bf4b57aac1a2b4a81727314841a660fe6,0x359Ec167BDfBAfd57D66A13E532185D03A290978,0,0.0,0.0,0.5,0.6146483128344454,0.3,0.0,0.0,0.7470205337673275,0.6495678796326749,0.7450509661321814,0.9896,1.0,0.4995194994556171,0.0,0.5,0.0,0,0,0.455703602281965,0.0,0.0,0.0,0.0,0.5,0.0,0.0,0.7450509661321814,0.9896,1.0,0.6809074675321393,0.0,0.0,0.8716106239178503,0.0,0.0,0.0,0.0,0.0,0.0,0.0,0.0,0.0,1.0,0.0,0.0,0.0,0.0,0.0,100,5311,0,0.0,0,db_legit_trust100_jobs5311,virtuals_agent_db_only
0x895955650d64e36ddcc1a3c5a92674b651577e8a,0x4b33758d85678Ea86cD875AF8caF318462268Ba8,0,0.0,0.0,0.5,0.4999195960900152,0.3,0.0,0.0,0.8233483729595846,0.664261662391477,0.5953611503460742,0.9979,1.0,0.5689386088962138,0.0,0.5,0.0,0,0,0.986804781038782,0.0,0.0,0.0,0.0,0.5,0.0,0.0,0.5953611503460742,0.9979,1.0,0.6484527880904355,0.0,0.0,0.6753510127351052,0.0,0.0,0.0,0.0,0.0,0.0,0.0,0.0,0.0,1.0,0.0,0.0,0.0,0.0,0.0,100,947,0,0.0,0,db_legit_trust100_jobs947,virtuals_agent_db_only
0x2550655c193f85341ef13034cc13762646118d03,0x22B6860B1212314C42DfFB33d1959df9cFcF163c,0,0.0,0.0,0.5,0.6406335789403889,0.3,0.0,0.0,0.8290303413799897,0.5157383573029891,0.560827399341016,0.9891,1.0,0.6924746037983148,0.0,0.5,0.0,0,0,0.485826453766078,0.0,0.0,0.0,0.0,0.5,0.0,0.0,0.560827399341016,0.9891,1.0,0.5330091668529211,0.0,0.0,0.3758817830502977,0.0,0.0,0.0,0.0,0.0,0.0,0.0,0.0,0.0,1.0,0.0,0.0,0.0,0.0,0.0,100,636,0,0.0,0,db_legit_trust100_jobs636,virtuals_agent_db_only
0xb4874895952af1978335a03923afd9dd2d428faa,0x781A0A4F25Dd57AB14f60E72D4A4ed7df86cf632,0,0.0,0.0,0.5,0.5278557649173695,0.3,0.0,0.0,0.7775726290426601,0.6440217821147937,0.5496371279948836,0.9929,1.0,0.5791881202037118,0.0,0.5,0.0,0,0,0.5696368033413091,0.0,0.0,0.0,0.0,0.5,0.0,0.0,0.5496371279948836,0.9929,1.0,0.6426301597044238,0.0,0.0,0.7036116304476197,0.0,0.0,0.0,0.0,0.0,0.0,0.0,0.0,0.0,1.0,0.0,0.0,0.0,0.0,0.0,100,559,0,0.0,0,db_legit_trust100_jobs559,virtuals_agent_db_only
0x2825c5205a5a6ba078e9e33514f4d0bb2e07dbac,0x1E163387d9fc5C3df5F80a67F1127320a81014D0,0,0.0,0.0,0.5,0.5538787289878452,0.3,0.0,0.0,0.7754442672914047,0.6622695070152291,0.8274637724977617,0.9693,0.99,0.6540966761069591,0.0,0.5,0.0,0,0,0.5106649121958957,0.0,0.0,0.0,0.0,0.5,0.0,0.0,0.8274637724977617,0.9693,0.99,0.6846343618543488,0.0,0.0,0.6835560491949887,0.0,0.0,0.0,0.0,0.0,0.0,0.0,0.0,0.0,1.0,0.0,0.0,0.0,0.0,0.0,99,13718,0,0.0,0,db_legit_trust99_jobs13718,virtuals_agent_db_only
0xabd3718656dbb5547d6b426c18b03848d18981ea,0x41DA15e75c76AcdDb57B517Ce4db237B6c6c1841,0,0.0,0.0,0.5,0.4424228490495137,0.3,0.0,0.0,0.7338608998749782,0.6133218297258209,0.7020010928406938,0.9809,0.99,0.6844395659482739,0.0,0.5,0.0,0,0,0.3593568757075852,0.0,0.0,0.0,0.0,0.5,0.0,0.0,0.7020010928406938,0.9809,0.99,0.6711199513765252,0.0,0.0,0.6608164069406515,0.0,0.0,0.0,0.0,0.0,0.0,0.0,0.0,0.0,1.0,0.0,0.0,0.0,0.0,0.0,99,3235,0,0.0,0,db_legit_trust99_jobs3235,virtuals_agent_db_only
0xcd31c4b96faaeee486451c52fd50d9096f48afba,0x9B4c4091Ca44Bab0C874996a7FE05E61e16FabAb,0,0.0,0.0,0.5,0.5640145027779461,0.3,0.0,0.0,0.7284260349325693,0.6407969452360581,0.6489537886277785,0.9712,0.99,0.622083590564171,0.0,0.5,0.0,0,0,0.3038813726966222,0.0,0.0,0.0,0.0,0.5,0.0,0.0,0.6489537886277785,0.9712,0.99,0.5575479167429468,0.0,0.0,0.8256751336329309,0.0,0.0,0.0,0.0,0.0,0.0,0.0,0.0,0.0,1.0,0.0,0.0,0.0,0.0,0.0,99,1756,0,0.0,0,db_legit_trust99_jobs1756,virtuals_agent_db_only
0x918aeec9e19b375e3ecdda0c47c2c4a6b2c82f51,0xB52F4831356fd15e12d5C6bC0dC85EF82E4bee3F,0,0.0,0.0,0.5,0.639491510569885,0.3,0.0,0.0,0.8154930948049419,0.5105063484411871,0.6315512286536883,0.9796,0.99,0.607376762048545,0.0,0.5,0.0,0,0,0.6625704253106186,0.0,0.0,0.0,0.0,0.5,0.0,0.0,0.6315512286536883,0.9796,0.99,0.5318899443749477,0.0,0.0,0.3351528695984486,0.0,0.0,0.0,0.0,0.0,0.0,0.0,0.0,0.0,1.0,0.0,0.0,0.0,0.0,0.0,99,1437,0,0.0,0,db_legit_trust99_jobs1437,virtuals_agent_db_only
0x4a66a1224133e38f3d10e70a4836eb93e99b16a3,0xB9755849Bf340124a4b7A1dE77fff220F565e627,0,0.0,0.0,0.5,0.5668944331465883,0.3,0.0,0.0,0.7429167714455635,0.6548991030772637,0.6137849892122121,0.9662,0.99,0.6142496524067784,0.0,0.5,0.0,0,0,0.9915247171465136,0.0,0.0,0.0,0.0,0.5,0.0,0.0,0.6137849892122121,0.9662,0.99,0.6718394884002784,0.0,0.0,0.7168166229285937,0.0,0.0,0.0,0.0,0.0,0.0,0.0,0.0,0.0,1.0,0.0,0.0,0.0,0.0,0.0,99,1171,0,0.0,0,db_legit_trust99_jobs1171,virtuals_agent_db_only
0xd85bb30de78f9b760d86b527bb13ea5a789ac3d1,0x64f1c7aF45659538aAAdC251A11bDf0CF5872205,0,0.0,0.0,0.5,0.5261945412061005,0.3,0.0,0.0,0.8298143899204389,0.658443712144916,0.6027354159315258,0.9745,0.99,0.6437147783803632,0.0,0.5,0.0,0,0,0.8813984188049904,0.0,0.0,0.0,0.0,0.5,0.0,0.0,0.6027354159315258,0.9745,0.99,0.6603885658455514,0.0,0.0,0.6835103654275798,0.0,0.0,0.0,0.0,0.0,0.0,0.0,0.0,0.0,1.0,0.0,0.0,0.0,0.0,0.0,99,1031,0,0.0,0,db_legit_trust99_jobs1031,virtuals_agent_db_only
0xb69ec39efbcde0f4cdf788e232e5b14bbe801d58,0x05512a04Ea519484637A2A4901c9a6cE143D5601,0,0.0,0.0,0.5,0.4618099343774149,0.3,0.0,0.0,0.8258963948330164,0.6454873587490553,0.5980672514855034,0.9626,0.99,0.6180755505735852,0.0,0.5,0.0,0,0,0.7463630057433093,0.0,0.0,0.0,0.0,0.5,0.0,0.0,0.5980672514855034,0.9626,0.99,0.5626083814611302,0.0,0.0,0.8360695790080157,0.0,0.0,0.0,0.0,0.0,0.0,0.0,0.0,0.0,1.0,0.0,0.0,0.0,0.0,0.0,99,977,0,0.0,0,db_legit_trust99_jobs977,virtuals_agent_db_only
0x04109779bd88f7c5dc8969954db0c2b07e918f04,0x10cCC877433507E765bF21558Ce88C3B8d79aa7c,0,0.0,0.0,0.5,0.4714320377157881,0.3,0.0,0.0,0.7894318678716512,0.6332900955392431,0.5717069429380695,0.9691,0.99,0.5675293821541733,0.0,0.5,0.0,0,0,0.4902005749575292,0.0,0.0,0.0,0.0,0.5,0.0,0.0,0.5717069429380695,0.9691,0.99,0.4815105588349987,0.0,0.0,0.5237966978931335,0.0,0.0,0.0,0.0,0.0,0.0,0.0,0.0,0.0,1.0,0.0,0.0,0.0,0.0,0.0,99,721,0,0.0,0,db_legit_trust99_jobs721,virtuals_agent_db_only
0xa0d9818b0b3e13bde1b2109c48e9ee8d0588597d,0x5B3280ea0716e3466618d7Dd99689D4b608e6803,0,0.0,0.0,0.5,0.6262096195850443,0.3,0.0,0.0,0.792070838913265,0.6041700537666438,0.5223442079013226,0.9668,0.99,0.5442229412222381,0.0,0.5,0.0,0,0,0.7088555899429576,0.0,0.0,0.0,0.0,0.5,0.0,0.0,0.5223442079013226,0.9668,0.99,0.606242012988182,0.0,0.0,0.7868660905485776,0.0,0.0,0.0,0.0,0.0,0.0,0.0,0.0,0.0,1.0,0.0,0.0,0.0,0.0,0.0,99,408,0,0.0,0,db_legit_trust99_jobs408,virtuals_agent_db_only
0x8b20b8a04c26e2abf1a89659d4fedcee337c0390,0xb01F8dbDa1E0f374126a0E3D2643Dae54080D7bC,0,0.0,0.0,0.5,0.4879397006679562,0.3,0.0,0.0,0.8227443077942321,0.6475637972061579,0.5015707386825363,0.9787,0.99,0.5968262106639178,0.0,0.5,0.0,0,0,0.82743258754157,0.0,0.0,0.0,0.0,0.5,0.0,0.0,0.5015707386825363,0.9787,0.99,0.4247432125516301,0.0,0.0,0.8974135653983732,0.0,0.0,0.0,0.0,0.0,0.0,0.0,0.0,0.0,1.0,0.0,0.0,0.0,0.0,0.0,99,321,0,0.0,0,db_legit_trust99_jobs321,virtuals_agent_db_only
0xc12b70c36384892cc24f16e95bb1b0a3cb48673c,0x147F8f4b4F922c0274BC6481E64D7BDBD29A05a4,0,0.0,0.0,0.5,0.5508131472353104,0.3,0.0,0.0,0.8300587497768329,0.6047197040091512,0.4734707729557719,0.9707,0.99,0.6644480239915446,0.0,0.5,0.0,0,0,0.4543770860266732,0.0,0.0,0.0,0.0,0.5,0.0,0.0,0.4734707729557719,0.9707,0.99,0.632024198005424,0.0,0.0,0.4535951442350053,0.0,0.0,0.0,0.0,0.0,0.0,0.0,0.0,0.0,1.0,0.0,0.0,0.0,0.0,0.0,99,232,0,0.0,0,db_legit_trust99_jobs232,virtuals_agent_db_only
0xa3694995b1896f11d316755d55dd99d5dba3a3e3,0x522CE1516D1c0cA33B73e31d7932bE47a5F02F90,0,0.0,0.0,0.5,0.4204765581904106,0.3,0.0,0.0,0.7688290076731426,0.646285101127666,0.6894620229086038,0.9482,0.98,0.6758326074424149,0.0,0.5,0.0,0,0,0.3135683009350075,0.0,0.0,0.0,0.0,0.5,0.0,0.0,0.6894620229086038,0.9482,0.98,0.5603316206620589,0.0,0.0,0.6775933335457736,0.0,0.0,0.0,0.0,0.0,0.0,0.0,0.0,0.0,1.0,0.0,0.0,0.0,0.0,0.0,98,2800,0,0.0,0,db_legit_trust98_jobs2800,virtuals_agent_db_only
,,GHOST0,0.9531059699829617,0.0,0.5,0.5,0.3,0.0,-0.8941973154627944,0.15493061393938726,0.09567752983290281,0.0,0.0,0.0,0.5904734484520943,0.0,0.5,0.5706797949691644,0,0,0.1784359135409691,0.0,0.0,0.0,0.0,0.5,0.0,0.9531059699829617,0.0,0.0,0.0,0.5904734484520943,0.0,0.8941973154627944,0.017387766525883232,0.0,0.0,0.0,0.0,0.0,0.0,0.0,0.0,1.0,1.0,7.50322656680008,2.7502931836911926,0.0,-89.41973154627944,125.91401976868256,0,0,0,95.31059699829618,1,synthetic_ghost_agent_no_activity,virtuals_agent_synthetic
,,GHOST1,0.8537150357557409,0.0,0.5,0.5,0.3,0.0,-0.8236611779741594,0.16622497741989306,0.08388291611586364,0.0,0.0,0.0,0.5542474518860934,0.0,0.5,0.3795350602746594,0,0,0.12997688755590464,0.0,0.0,0.0,0.0,0.5,0.0,0.8537150357557409,0.0,0.0,0.0,0.5542474518860934,0.0,0.8236611779741594,0.10898829612064334,0.0,0.0,0.0,0.0,0.0,0.0,0.0,0.0,1.0,1.0,8.939165831421104,2.1863797480360336,0.0,-82.36611779741594,93.28827295279056,0,0,0,85.3715035755741,1,synthetic_ghost_agent_no_activity,virtuals_agent_synthetic
,,GHOST2,0.9628146952565931,0.0,0.5,0.5,0.3,0.0,-0.9483753100804847,0.37498033646008727,0.15979490419434536,0.0,0.0,0.0,0.5071362679616663,0.0,0.5,0.5792557579952907,0,0,0.06805010330359838,0.0,0.0,0.0,0.0,0.5,0.0,0.9628146952565931,0.0,0.0,0.0,0.5071362679616663,0.0,0.9483753100804847,0.031095899962356312,0.0,0.0,0.0,0.0,0.0,0.0,0.0,0.0,1.0,1.0,176.77970516277261,8.094304566778266,0.0,-94.83753100804847,63.066093306104506,0,0,0,96.28146952565932,1,synthetic_ghost_agent_no_activity,virtuals_agent_synthetic
,,GHOST3,0.9686492112886443,0.0,0.5,0.5,0.3,0.0,-0.925820905791634,0.33475131551676224,0.04749750008499892,0.0,0.0,0.0,0.6293487311769846,0.0,0.5,0.5414904125467563,0,0,0.16142565465487604,0.0,0.0,0.0,0.0,0.5,0.0,0.9686492112886443,0.0,0.0,0.0,0.6293487311769846,0.0,0.925820905791634,0.14594635733876357,0.0,0.0,0.0,0.0,0.0,0.0,0.0,0.0,1.0,1.0,100.97836353378803,0.9274584338014791,0.0,-92.5820905791634,173.58196083101717,0,0,0,96.86492112886444,1,synthetic_ghost_agent_no_activity,virtuals_agent_synthetic
,,GHOST4,0.9661166529954193,0.0,0.5,0.5,0.3,0.0,-0.8119898421816933,0.4111284474059164,0.11331884884982459,0.0,0.0,0.0,0.5746159200607178,0.0,0.5,0.5474079009456984,0,0,0.17234138006215546,0.0,0.0,0.0,0.0,0.5,0.0,0.9661166529954193,0.0,0.0,0.0,0.5746159200607178,0.0,0.8119898421816933,0.11547042905135241,0.0,0.0,0.0,0.0,0.0,0.0,0.0,0.0,1.0,1.0,291.93472919381117,3.785343772083535,0.0,-81.19898421816933,110.43421371820511,0,0,0,96.61166529954193,1,synthetic_ghost_agent_no_activity,virtuals_agent_synthetic
,,GHOST5,0.8611708767693078,0.0,0.5,0.5,0.3,0.0,-0.8776530090994732,0.19478547917562636,0.0859565159135165,0.0,0.0,0.0,0.5995161202751234,0.0,0.5,0.39311635454441207,0,0,0.020200285881945824,0.0,0.0,0.0,0.0,0.5,0.0,0.8611708767693078,0.0,0.0,0.0,0.5995161202751234,0.0,0.8776530090994732,0.05559472062201842,0.0,0.0,0.0,0.0,0.0,0.0,0.0,0.0,1.0,1.0,13.747315096698664,2.2789827565154686,0.0,-87.76530090994731,135.68577543223853,0,0,0,86.11708767693078,1,synthetic_ghost_agent_no_activity,virtuals_agent_synthetic
,,GHOST6,0.8873768950868759,0.0,0.5,0.5,0.3,0.0,-0.8976232423071281,0.3405273684355689,0.11204416604719337,0.0,0.0,0.0,0.5899330314886297,0.0,0.5,0.6746618350849976,0,0,0.1296070770493187,0.0,0.0,0.0,0.0,0.5,0.0,0.8873768950868759,0.0,0.0,0.0,0.5899330314886297,0.0,0.8976232423071281,0.12182620113339765,0.0,0.0,0.0,0.0,0.0,0.0,0.0,0.0,1.0,1.0,109.44965369102528,3.701809671168826,0.0,-89.7623242307128,125.35266663966003,0,0,0,88.7376895086876,1,synthetic_ghost_agent_no_activity,virtuals_agent_synthetic
,,GHOST7,0.9885332690891233,0.0,0.5,0.5,0.3,0.0,-0.8551361395605881,0.3903175126145764,0.07010330864680393,0.0,0.0,0.0,0.49218321868530746,0.0,0.5,0.5559999039416371,0,0,0.11138994875492925,0.0,0.0,0.0,0.0,0.5,0.0,0.9885332690891233,0.0,0.0,0.0,0.49218321868530746,0.0,0.8551361395605881,0.13692285019797493,0.0,0.0,0.0,0.0,0.0,0.0,0.0,0.0,1.0,1.0,218.73803938510474,1.634024937619284,0.0,-85.5136139560588,55.67079722971455,0,0,0,98.85332690891234,1,synthetic_ghost_agent_no_activity,virtuals_agent_synthetic
,,GHOST8,0.8941634267282714,0.0,0.5,0.5,0.3,0.0,-0.9419749390239907,0.394807381011856,0.08620988549709727,0.0,0.0,0.0,0.6167398651181674,0.0,0.5,0.4070963503902811,0,0,0.04219656871726529,0.0,0.0,0.0,0.0,0.5,0.0,0.8941634267282714,0.0,0.0,0.0,0.6167398651181674,0.0,0.9419749390239907,0.1885819428670109,0.0,0.0,0.0,0.0,0.0,0.0,0.0,0.0,1.0,1.0,232.79997346387344,2.2904807196410437,0.0,-94.19749390239906,156.42778802847144,0,0,0,89.41634267282714,1,synthetic_ghost_agent_no_activity,virtuals_agent_synthetic
,,GHOST9,0.978036662563676,0.0,0.5,0.5,0.3,0.0,-0.8510920247348339,0.3299272577257871,0.14636652430056662,0.0,0.0,0.0,0.6205721210916841,0.0,0.5,0.4835407410349595,0,0,0.052976033299610495,0.0,0.0,0.0,0.0,0.5,0.0,0.978036662563676,0.0,0.0,0.0,0.6205721210916841,0.0,0.8510920247348339,0.049325501538796696,0.0,0.0,0.0,0.0,0.0,0.0,0.0,0.0,1.0,1.0,94.40336423954338,6.5543866529488,0.0,-85.10920247348339,161.45514397090034,0,0,0,97.8036662563676,1,synthetic_ghost_agent_no_activity,virtuals_agent_synthetic
,,GHOST10,0.9059160707196556,0.0,0.5,0.5,0.3,0.0,-0.7255442790993808,0.31702084882644993,0.13923799112682486,0.0,0.0,0.0,0.5786731727680031,0.0,0.5,0.38772830366291333,0,0,0.19950752129902205,0.0,0.0,0.0,0.0,0.5,0.0,0.9059160707196556,0.0,0.0,0.0,0.5786731727680031,0.0,0.7255442790993808,0.10190525873529291,0.0,0.0,0.0,0.0,0.0,0.0,0.0,0.0,1.0,1.0,78.82248255688057,5.845859902235405,0.0,-72.55442790993808,114.20522012447262,0,0,0,90.59160707196557,1,synthetic_ghost_agent_no_activity,virtuals_agent_synthetic
,,GHOST11,0.9608911110108149,0.0,0.5,0.5,0.3,0.0,-0.7931384895742275,0.19666330545741817,0.05358217366135254,0.0,0.0,0.0,0.4630821345733185,0.0,0.5,0.4688639867198736,0,0,0.012705541230391427,0.0,0.0,0.0,0.0,0.5,0.0,0.9608911110108149,0.0,0.0,0.0,0.4630821345733185,0.0,0.7931384895742275,0.07632385730130736,0.0,0.0,0.0,0.0,0.0,0.0,0.0,0.0,1.0,1.0,14.13491262742037,1.0964913035065915,0.0,-79.31384895742275,43.636411826069086,0,0,0,96.0891111010815,1,synthetic_ghost_agent_no_activity,virtuals_agent_synthetic
,,GHOST12,0.8516073430719947,0.0,0.5,0.5,0.3,0.0,-0.7348050744413754,0.36723300550103455,0.171636862923631,0.0,0.0,0.0,0.6333575308995697,0.0,0.5,0.5882887277440778,0,0,0.13634207380531496,0.0,0.0,0.0,0.0,0.5,0.0,0.8516073430719947,0.0,0.0,0.0,0.6333575308995697,0.0,0.7348050744413754,0.10739406608175904,0.0,0.0,0.0,0.0,0.0,0.0,0.0,0.0,1.0,1.0,158.7343035297411,9.710783776136182,0.0,-73.48050744413754,179.4182070360145,0,0,0,85.16073430719948,1,synthetic_ghost_agent_no_activity,virtuals_agent_synthetic
,,GHOST13,0.9135213188860889,0.0,0.5,0.5,0.3,0.0,-0.8413086873327238,0.38103432320131936,0.05423624471678353,0.0,0.0,0.0,0.5197051492174184,0.0,0.5,0.681526371008432,0,0,0.17517058807563882,0.0,0.0,0.0,0.0,0.5,0.0,0.9135213188860889,0.0,0.0,0.0,0.5197051492174184,0.0,0.8413086873327238,0.052677810150218156,0.0,0.0,0.0,0.0,0.0,0.0,0.0,0.0,1.0,1.0,192.28853957394242,1.1155217359587644,0.0,-84.13086873327238,70.02377849288142,0,0,0,91.3521318886089,1,synthetic_ghost_agent_no_activity,virtuals_agent_synthetic
,,GHOST14,0.8917822708028086,0.0,0.5,0.5,0.3,0.0,-0.7323703575408084,0.2895262053931221,0.16757496502321828,0.0,0.0,0.0,0.5686220507580181,0.0,0.5,0.5555797979464021,0,0,0.12179404228763446,0.0,0.0,0.0,0.0,0.5,0.0,0.8917822708028086,0.0,0.0,0.0,0.5686220507580181,0.0,0.7323703575408084,0.030567853709926963,0.0,0.0,0.0,0.0,0.0,0.0,0.0,0.0,1.0,1.0,53.59556415903941,9.126278393448205,0.0,-73.23703575408084,105.08791695754475,0,0,0,89.17822708028086,1,synthetic_ghost_agent_no_activity,virtuals_agent_synthetic
,,PUMP0,0.9057252957261116,0.0,0.5,0.10008578441919153,0.3,0.0,-0.8690931454820562,0.0,0.0,0.0,0.0,0.0,0.3020448175777641,0.0,0.5,0.0,0,0,0.09724681710140193,0.0,0.0,0.0,0.0,0.5,0.0,0.9057252957261116,0.0,0.0,0.0,0.3020448175777641,6.712475705366242,0.8690931454820562,0.00584302271574969,0.0,0.0,0.0,0.0,0.0,0.0,0.0,0.0,1.0,1.0,0.0,0.0,0.0,-86.90931454820561,10.912640400976967,0,0,0,90.57252957261116,1,synthetic_pump_dump_new_token,virtuals_agent_synthetic
,,PUMP1,0.9163331058722358,0.0,0.5,0.10868877497412814,0.3,0.0,-0.8181917183265223,0.0,0.0,0.0,0.0,0.0,0.32240788388726555,0.0,0.5,0.0,0,0,0.2634028797612121,0.0,0.0,0.0,0.0,0.5,0.0,0.9163331058722358,0.0,0.0,0.0,0.32240788388726555,5.15259887781863,0.8181917183265223,0.28408483358939823,0.0,0.0,0.0,0.0,0.0,0.0,0.0,0.0,1.0,1.0,0.0,0.0,0.0,-81.81917183265223,13.078282011440022,0,0,0,91.63331058722358,1,synthetic_pump_dump_new_token,virtuals_agent_synthetic
,,PUMP2,0.7638425036936767,0.0,0.5,0.21487516439604815,0.3,0.0,-0.8771014305025079,0.0,0.0,0.0,0.0,0.0,0.13845904925520744,0.0,0.5,0.0,0,0,0.038517439349928836,0.0,0.0,0.0,0.0,0.5,0.0,0.7638425036936767,0.0,0.0,0.0,0.13845904925520744,8.324215156800621,0.8771014305025079,0.1425847134296194,0.0,0.0,0.0,0.0,0.0,0.0,0.0,0.0,1.0,1.0,0.0,0.0,0.0,-87.71014305025079,2.113494876882424,0,0,0,76.38425036936766,1,synthetic_pump_dump_new_token,virtuals_agent_synthetic
,,PUMP3,0.9244866082170514,0.0,0.5,0.13176973081631232,0.3,0.0,-0.9102415056589912,0.0,0.0,0.0,0.0,0.0,0.269845243460241,0.0,0.5,0.0,0,0,0.1617888266338375,0.0,0.0,0.0,0.0,0.5,0.0,0.9244866082170514,0.0,0.0,0.0,0.269845243460241,5.961965581406208,0.9102415056589912,0.21897932072699286,0.0,0.0,0.0,0.0,0.0,0.0,0.0,0.0,1.0,1.0,0.0,0.0,0.0,-91.02415056589912,8.14744671543427,0,0,0,92.44866082170515,1,synthetic_pump_dump_new_token,virtuals_agent_synthetic
,,PUMP4,0.9490298713321789,0.0,0.5,0.1657150125871756,0.3,0.0,-0.9032425563048657,0.0,0.0,0.0,0.0,0.0,0.1864378213854944,0.0,0.5,0.0,0,0,0.1552727523106772,0.0,0.0,0.0,0.0,0.5,0.0,0.9490298713321789,0.0,0.0,0.0,0.1864378213854944,7.549146403476175,0.9032425563048657,0.03630125876047972,0.0,0.0,0.0,0.0,0.0,0.0,0.0,0.0,1.0,1.0,0.0,0.0,0.0,-90.32425563048658,3.614963824066047,0,0,0,94.90298713321789,1,synthetic_pump_dump_new_token,virtuals_agent_synthetic
,,PUMP5,0.8676617436914467,0.0,0.5,0.13303260766773392,0.3,0.0,-0.8992871656778817,0.0,0.0,0.0,0.0,0.0,0.19426702121293746,0.0,0.5,0.0,0,0,0.02129792580270976,0.0,0.0,0.0,0.0,0.5,0.0,0.8676617436914467,0.0,0.0,0.0,0.19426702121293746,4.610803128176039,0.8992871656778817,0.18933088718102967,0.0,0.0,0.0,0.0,0.0,0.0,0.0,0.0,1.0,1.0,0.0,0.0,0.0,-89.92871656778817,3.9210653814102456,0,0,0,86.76617436914466,1,synthetic_pump_dump_new_token,virtuals_agent_synthetic
,,PUMP6,0.9219270800507493,0.0,0.5,0.13570069515534927,0.3,0.0,-0.8141869980490807,0.0,0.0,0.0,0.0,0.0,0.19562634218032904,0.0,0.5,0.0,0,0,0.20069333348888416,0.0,0.0,0.0,0.0,0.5,0.0,0.9219270800507493,0.0,0.0,0.0,0.19562634218032904,3.496001449220574,0.8141869980490807,0.06427104221113157,0.0,0.0,0.0,0.0,0.0,0.0,0.0,0.0,1.0,1.0,0.0,0.0,0.0,-81.41869980490807,3.976243189545007,0,0,0,92.19270800507493,1,synthetic_pump_dump_new_token,virtuals_agent_synthetic
,,PUMP7,0.8642086186650568,0.0,0.5,0.217692913643613,0.3,0.0,-0.8096728639128993,0.0,0.0,0.0,0.0,0.0,0.1601581385778932,0.0,0.5,0.0,0,0,0.242249099329993,0.0,0.0,0.0,0.0,0.5,0.0,0.8642086186650568,0.0,0.0,0.0,0.1601581385778932,6.308697184182559,0.8096728639128993,0.05712297430856331,0.0,0.0,0.0,0.0,0.0,0.0,0.0,0.0,1.0,1.0,0.0,0.0,0.0,-80.96728639128993,2.720054033425325,0,0,0,86.42086186650569,1,synthetic_pump_dump_new_token,virtuals_agent_synthetic
,,PUMP8,0.8347157246039841,0.0,0.5,0.2093613774189776,0.3,0.0,-0.8853423226390434,0.0,0.0,0.0,0.0,0.0,0.1440684075211833,0.0,0.5,0.0,0,0,0.20200936418799045,0.0,0.0,0.0,0.0,0.5,0.0,0.8347157246039841,0.0,0.0,0.0,0.1440684075211833,6.269172676256725,0.8853423226390434,0.2952495634097898,0.0,0.0,0.0,0.0,0.0,0.0,0.0,0.0,1.0,1.0,0.0,0.0,0.0,-88.53423226390434,2.2601005849747033,0,0,0,83.47157246039842,1,synthetic_pump_dump_new_token,virtuals_agent_synthetic
,,PUMP9,0.8178605210789927,0.0,0.5,0.13729845008804284,0.3,0.0,-0.8896068076846596,0.0,0.0,0.0,0.0,0.0,0.14478917579701248,0.0,0.5,0.0,0,0,0.05706267253224345,0.0,0.0,0.0,0.0,0.5,0.0,0.8178605210789927,0.0,0.0,0.0,0.14478917579701248,9.031707754469537,0.8896068076846596,0.13458406434993955,0.0,0.0,0.0,0.0,0.0,0.0,0.0,0.0,1.0,1.0,0.0,0.0,0.0,-88.96068076846596,2.2794323249754656,0,0,0,81.78605210789927,1,synthetic_pump_dump_new_token,virtuals_agent_synthetic
,,HONEY0,0.7624516119705251,0.0,0.5,0.5,0.3,0.0,0.0,0.0,0.0,0.0,0.0,0.0,0.0,0.0,0.5,0.5772522980213828,0,0,0.0,0.0,0.0,0.0,0.0,0.5,0.0,0.7624516119705251,0.0,0.0,0.0,0.3730020321869654,0.0,0.0,0.0,0.0,0.0,0.0,1.0,0.09232655992760129,0.706722003518858,0.0,0.0,1.0,1.0,0.0,0.0,0.0,0.0,20.319982956681727,0,0,0,76.24516119705251,1,synthetic_honeypot_sell_tax_71%,virtuals_agent_synthetic
,,HONEY1,0.7126470823812203,0.0,0.5,0.5,0.3,0.0,0.0,0.0,0.0,0.0,0.0,0.0,0.0,0.0,0.5,0.7344110340319808,0,0,0.0,0.0,0.0,0.0,0.0,0.5,0.0,0.7126470823812203,0.0,0.0,0.0,0.43777148436007735,0.0,0.0,0.0,1.0,0.0,0.0,1.0,0.09992824684127266,0.9220610613332969,0.0,0.0,1.0,1.0,0.0,0.0,0.0,0.0,35.26789218474164,0,0,0,71.26470823812203,1,synthetic_honeypot_sell_tax_92%,virtuals_agent_synthetic
,,HONEY2,0.9121739336035763,0.0,0.5,0.5,0.3,0.0,0.0,0.0,0.0,0.0,0.0,0.0,0.0,0.0,0.5,0.5942564501802874,0,0,0.0,0.0,0.0,0.0,0.0,0.5,0.0,0.9121739336035763,0.0,0.0,0.0,0.4927827590956202,0.0,0.0,0.0,1.0,0.0,0.0,1.0,0.0166311110603914,0.974808166069528,0.0,0.0,1.0,1.0,0.0,0.0,0.0,0.0,55.95018406544702,0,0,0,91.21739336035763,1,synthetic_honeypot_sell_tax_97%,virtuals_agent_synthetic
,,HONEY3,0.7146588499930446,0.0,0.5,0.5,0.3,0.0,0.0,0.0,0.0,0.0,0.0,0.0,0.0,0.0,0.5,0.7941235375118905,0,0,0.0,0.0,0.0,0.0,0.0,0.5,0.0,0.7146588499930446,0.0,0.0,0.0,0.4064787129919473,0.0,0.0,0.0,0.0,0.0,0.0,1.0,0.03789731189769161,0.604736176607599,0.0,0.0,1.0,1.0,0.0,0.0,0.0,0.0,27.057216090219892,0,0,0,71.46588499930446,1,synthetic_honeypot_sell_tax_60%,virtuals_agent_synthetic
,,HONEY4,0.8137520918347858,0.0,0.5,0.5,0.3,0.0,0.0,0.0,0.0,0.0,0.0,0.0,0.0,0.0,0.5,0.7829270563438693,0,0,0.0,0.0,0.0,0.0,0.0,0.5,0.0,0.8137520918347858,0.0,0.0,0.0,0.47476057473903077,0.0,0.0,0.0,0.0,0.0,0.0,1.0,0.042300748599016294,0.6299494985043544,0.0,0.0,1.0,1.0,0.0,0.0,0.0,0.0,48.12388310717132,0,0,0,81.37520918347857,1,synthetic_honeypot_sell_tax_63%,virtuals_agent_synthetic
,,HONEY5,0.8796020688240814,0.0,0.5,0.5,0.3,0.0,0.0,0.0,0.0,0.0,0.0,0.0,0.0,0.0,0.5,0.5186831301978257,0,0,0.0,0.0,0.0,0.0,0.0,0.5,0.0,0.8796020688240814,0.0,0.0,0.0,0.43877363615130527,0.0,0.0,0.0,1.0,0.0,0.0,1.0,0.015479682527406413,0.9877571178514297,0.0,0.0,1.0,1.0,0.0,0.0,0.0,0.0,35.567257787309,0,0,0,87.96020688240814,1,synthetic_honeypot_sell_tax_99%,virtuals_agent_synthetic
,,HONEY6,0.8355488003435685,0.0,0.5,0.5,0.3,0.0,0.0,0.0,0.0,0.0,0.0,0.0,0.0,0.0,0.5,0.4228661091629933,0,0,0.0,0.0,0.0,0.0,0.0,0.5,0.0,0.8355488003435685,0.0,0.0,0.0,0.44299265799857435,0.0,0.0,0.0,1.0,0.0,0.0,1.0,0.07479755603790642,0.9746675888348878,0.0,0.0,1.0,1.0,0.0,0.0,0.0,0.0,36.85491599489409,0,0,0,83.55488003435684,1,synthetic_honeypot_sell_tax_97%,virtuals_agent_synthetic
,,HONEY7,0.9131799730120713,0.0,0.5,0.5,0.3,0.0,0.0,0.0,0.0,0.0,0.0,0.0,0.0,0.0,0.5,0.7843115613097802,0,0,0.0,0.0,0.0,0.0,0.0,0.5,0.0,0.9131799730120713,0.0,0.0,0.0,0.4286625242140877,0.0,0.0,0.0,0.0,0.0,0.0,1.0,0.015743272793948326,0.7862470212848959,0.0,0.0,1.0,1.0,0.0,0.0,0.0,0.0,32.65677106057325,0,0,0,91.31799730120713,1,synthetic_honeypot_sell_tax_79%,virtuals_agent_synthetic
,,DEAD0,0.0,0.967521255360409,0.5,0.5,0.3,0.0,0.0,0.4428533591725635,0.09989271120347537,0.0,0.0,0.0,0.5115506101198486,0.0,0.5,0.0,0,0,0.02397732278942484,0.0,0.0,0.9235203895000932,0.0,0.5,0.0,0.0,0.0,0.0,0.0,0.5115506101198486,0.0,0.0,0.17805746282588752,0.0,0.0,0.0,0.0,0.0,0.0,0.0,0.0,1.0,1.0,453.06742586337407,2.9751755322501383,0.0,0.0,65.42842363634965,3,0,0,0.0,1,synthetic_abandoned_graduated_agent,virtuals_agent_synthetic
,,DEAD1,0.0,0.9657373164472522,0.5,0.5,0.3,0.0,0.0,0.3744611802455629,0.024865590785722317,0.0,0.0,0.0,0.6419695705478011,0.0,0.5,0.0,0,0,0.06327396919534543,0.0,0.0,0.956522692384409,0.0,0.5,0.0,0.0,0.0,0.0,0.0,0.6419695705478011,0.0,0.0,0.05215313912072657,0.0,0.0,0.0,0.0,0.0,0.0,0.0,0.0,1.0,1.0,175.50915834922233,0.4099170274743774,0.0,0.0,192.6243596643387,10,0,0,0.0,1,synthetic_abandoned_graduated_agent,virtuals_agent_synthetic
,,DEAD2,0.0,0.9671690222959971,0.5,0.5,0.3,0.0,0.0,0.4573173240493201,0.07901002535470857,0.0,0.0,0.0,0.6622286402972033,0.0,0.5,0.0,0,0,0.0632354392543708,0.0,0.0,0.9299997079798762,0.0,0.5,0.0,0.0,0.0,0.0,0.0,0.6622286402972033,0.0,0.0,0.15037289848288043,0.0,0.0,0.0,0.0,0.0,0.0,0.0,0.0,1.0,1.0,553.5033099701075,1.9789292339562725,0.0,0.0,227.6289092013008,1,0,0,0.0,1,synthetic_abandoned_graduated_agent,virtuals_agent_synthetic
,,DEAD3,0.0,0.9099981248924589,0.5,0.5,0.3,0.0,0.0,0.5179362635753392,0.09691514722107633,0.0,0.0,0.0,0.47288887997593954,0.0,0.5,0.0,0,0,0.10117693880975308,0.0,0.0,0.9537634404101627,0.0,0.5,0.0,0.0,0.0,0.0,0.0,0.47288887997593954,0.0,0.0,0.02649131407329346,0.0,0.0,0.0,0.0,0.0,0.0,0.0,0.0,1.0,1.0,1280.2025854368762,2.81496822819473,0.0,0.0,47.37544150548283,5,0,0,0.0,1,synthetic_abandoned_graduated_agent,virtuals_agent_synthetic
,,DEAD4,0.0,0.9157746832357232,0.5,0.5,0.3,0.0,0.0,0.54139478937841,0.07574739282328365,0.0,0.0,0.0,0.6827847504396333,0.0,0.5,0.0,0,0,0.1407079850174742,0.0,0.0,0.9833744954639807,0.0,0.5,0.0,0.0,0.0,0.0,0.0,0.6827847504396333,0.0,0.0,0.12233555314519003,0.0,0.0,0.0,0.0,0.0,0.0,0.0,0.0,1.0,1.0,1770.6134607206313,1.8476354436944198,0.0,0.0,269.62036429004206,10,0,0,0.0,1,synthetic_abandoned_graduated_agent,virtuals_agent_synthetic
,,DEAD5,0.0,0.9931756039436077,0.5,0.5,0.3,0.0,0.0,0.5227835578498812,0.09611467951614323,0.0,0.0,0.0,0.6336690868265393,0.0,0.5,0.0,0,0,0.17562539299471844,0.0,0.0,0.9103586501918212,0.0,0.5,0.0,0.0,0.0,0.0,0.0,0.6336690868265393,0.0,0.0,0.05289318429742554,0.0,0.0,0.0,0.0,0.0,0.0,0.0,0.0,1.0,1.0,1368.9400870539089,2.773011412448389,0.0,0.0,179.87987661357886,1,0,0,0.0,1,synthetic_abandoned_graduated_agent,virtuals_agent_synthetic
,,DEAD6,0.0,0.9210629654806943,0.5,0.5,0.3,0.0,0.0,0.43301330025256834,0.0636328922782807,0.0,0.0,0.0,0.6657433329481162,0.0,0.5,0.0,0,0,0.1374994257602661,0.0,0.0,0.9342880287793259,0.0,0.5,0.0,0.0,0.0,0.0,0.0,0.6657433329481162,0.0,0.0,0.1705825630783795,0.0,0.0,0.0,0.0,0.0,0.0,0.0,0.0,1.0,1.0,395.3510285724819,1.4087813572894714,0.0,0.0,234.31625441515467,8,0,0,0.0,1,synthetic_abandoned_graduated_agent,virtuals_agent_synthetic
,,DEAD7,0.0,0.9092298467712734,0.5,0.5,0.3,0.0,0.0,0.5433904897320556,0.11975744933580716,0.0,0.0,0.0,0.6265185130239018,0.0,0.5,0.0,0,0,0.05533604479445034,0.0,0.0,0.9423575772563726,0.0,0.5,0.0,0.0,0.0,0.0,0.0,0.6265185130239018,0.0,0.0,0.00070913781755646,0.0,0.0,0.0,0.0,0.0,0.0,0.0,0.0,1.0,1.0,1820.1393330507142,4.230518566474277,0.0,0.0,169.57562229809102,2,0,0,0.0,1,synthetic_abandoned_graduated_agent,virtuals_agent_synthetic
,,DEAD8,0.0,0.9551680421126392,0.5,0.5,0.3,0.0,0.0,0.46286998948796765,0.11211102264047834,0.0,0.0,0.0,0.6509721476656527,0.0,0.5,0.0,0,0,0.0019339399216679932,0.0,0.0,0.942768691898068,0.0,0.5,0.0,0.0,0.0,0.0,0.0,0.6509721476656527,0.0,0.0,0.015048772014753409,0.0,0.0,0.0,0.0,0.0,0.0,0.0,0.0,1.0,1.0,597.7149986252616,3.706154541739654,0.0,0.0,207.4639112118518,2,0,0,0.0,1,synthetic_abandoned_graduated_agent,virtuals_agent_synthetic
,,DEAD9,0.0,0.9148093785567483,0.5,0.5,0.3,0.0,0.0,0.5378409123666666,0.09874326952093451,0.0,0.0,0.0,0.6364975209327906,0.0,0.5,0.0,0,0,0.06165166998602674,0.0,0.0,0.9127445519282139,0.0,0.5,0.0,0.0,0.0,0.0,0.0,0.6364975209327906,0.0,0.0,0.17979629774851802,0.0,0.0,0.0,0.0,0.0,0.0,0.0,0.0,1.0,1.0,1685.7305377834318,2.91254783244897,0.0,0.0,184.12552374740818,0,0,0,0.0,1,synthetic_abandoned_graduated_agent,virtuals_agent_synthetic
